planning_area,total,below_sgd_1000,no_working_person,sgd_10000_over,sgd_10000_to_10999,sgd_11000_to_11999,sgd_1000_to_1999,sgd_12000_to_12999,sgd_13000_to_13999,sgd_14000_to_14999,sgd_15000_to_17499,sgd_17500_to_19999,sgd_20000_over,sgd_2000_to_2999,sgd_3000_to_3999,sgd_4000_to_4999,sgd_5000_to_5999,sgd_6000_to_6999,sgd_7000_to_7999,sgd_8000_over,sgd_8000_to_8999,sgd_9000_to_9999,year
Bedok,97553,2203,16818,0,3291,2685,5278,2620,2564,1838,4080,3349,17125,5245,5521,4641,5102,3868,4229,0,3455,3641,2020
planning_area,total,below_sgd_1000,no_working_person,sgd_10000_over,sgd_10000_to_10999,sgd_11000_to_11999,sgd_1000_to_1999,sgd_12000_to_12999,sgd_13000_to_13999,sgd_14000_to_14999,sgd_15000_to_17499,sgd_17500_to_19999,sgd_20000_over,sgd_2000_to_2999,sgd_3000_to_3999,sgd_4000_to_4999,sgd_5000_to_5999,sgd_6000_to_6999,sgd_7000_to_7999,sgd_8000_over,sgd_8000_to_8999,sgd_9000_to_9999,year
Bukit Timah,24612,294,3846,0,617,553,364,482,445,471,1249,1102,11174,455,356,474,559,485,623,0,575,488,2020
planning_area,total,below_sgd_1000,no_working_person,sgd_10000_over,sgd_10000_to_10999,sgd_11000_to_11999,sgd_1000_to_1999,sgd_12000_to_12999,sgd_13000_to_13999,sgd_14000_to_14999,sgd_15000_to_17499,sgd_17500_to_19999,sgd_20000_over,sgd_2000_to_2999,sgd_3000_to_3999,sgd_4000_to_4999,sgd_5000_to_5999,sgd_6000_to_6999,sgd_7000_to_7999,sgd_8000_over,sgd_8000_to_8999,sgd_9000_to_9999,year
Bukit Batok,54298,847,5983,0,2003,2187,3328,1504,1640,1475,2963,2037,7142,3031,3136,3200,3206,2713,2731,0,2813,2359,2020
planning_area,total,below_sgd_1000,no_working_person,sgd_10000_over,sgd_10000_to_10999,sgd_11000_to_11999,sgd_1000_to_1999,sgd_12000_to_12999,sgd_13000_to_13999,sgd_14000_to_14999,sgd_15000_to_17499,sgd_17500_to_19999,sgd_20000_over,sgd_2000_to_2999,sgd_3000_to_3999,sgd_4000_to_4999,sgd_5000_to_5999,sgd_6000_to_6999,sgd_7000_to_7999,sgd_8000_over,sgd_8000_to_8999,sgd_9000_to_9999,year
Bukit Merah,59701,1899,12444,0,2012,1748,4583,1536,1337,1360,3129,2025,7748,3478,3465,2339,2557,2173,2255,0,1826,1787,2020
planning_area,total,below_sgd_1000,no_working_person,sgd_10000_over,sgd_10000_to_10999,sgd_11000_to_11999,sgd_1000_to_1999,sgd_12000_to_12999,sgd_13000_to_13999,sgd_14000_to_14999,sgd_15000_to_17499,sgd_17500_to_19999,sgd_20000_over,sgd_2000_to_2999,sgd_3000_to_3999,sgd_4000_to_4999,sgd_5000_to_5999,sgd_6000_to_6999,sgd_7000_to_7999,sgd_8000_over,sgd_8000_to_8999,sgd_9000_to_9999,year
Central Water Catchment,0,0,0,0,0,0,0,0,0,0,0,0,0,0,0,0,0,0,0,0,0,0,2020
planning_area,total,below_sgd_1000,no_working_person,sgd_10000_over,sgd_10000_to_10999,sgd_11000_to_11999,sgd_1000_to_1999,sgd_12000_to_12999,sgd_13000_to_13999,sgd_14000_to_14999,sgd_15000_to_17499,sgd_17500_to_19999,sgd_20000_over,sgd_2000_to_2999,sgd_3000_to_3999,sgd_4000_to_4999,sgd_5000_to_5999,sgd_6000_to_6999,sgd_7000_to_7999,sgd_8000_over,sgd_8000_to_8999,sgd_9000_to_9999,year
Downtown Core,1546,21,175,0,53,47,22,53,42,16,102,70,632,32,25,47,48,45,20,0,49,47,2020
planning_area,total,below_sgd_1000,no_working_person,sgd_10000_over,sgd_10000_to_10999,sgd_11000_to_11999,sgd_1000_to_1999,sgd_12000_to_12999,sgd_13000_to_13999,sgd_14000_to_14999,sgd_15000_to_17499,sgd_17500_to_19999,sgd_20000_over,sgd_2000_to_2999,sgd_3000_to_3999,sgd_4000_to_4999,sgd_5000_to_5999,sgd_6000_to_6999,sgd_7000_to_7999,sgd_8000_over,sgd_8000_to_8999,sgd_9000_to_9999,year
Changi,0,0,0,0,0,0,0,0,0,0,0,0,0,0,0,0,0,0,0,0,0,0,2020
planning_area,total,below_sgd_1000,no_working_person,sgd_10000_over,sgd_10000_to_10999,sgd_11000_to_11999,sgd_1000_to_1999,sgd_12000_to_12999,sgd_13000_to_13999,sgd_14000_to_14999,sgd_15000_to_17499,sgd_17500_to_19999,sgd_20000_over,sgd_2000_to_2999,sgd_3000_to_3999,sgd_4000_to_4999,sgd_5000_to_5999,sgd_6000_to_6999,sgd_7000_to_7999,sgd_8000_over,sgd_8000_to_8999,sgd_9000_to_9999,year
Changi Bay,0,0,0,0,0,0,0,0,0,0,0,0,0,0,0,0,0,0,0,0,0,0,2020
planning_area,total,below_sgd_1000,no_working_person,sgd_10000_over,sgd_10000_to_10999,sgd_11000_to_11999,sgd_1000_to_1999,sgd_12000_to_12999,sgd_13000_to_13999,sgd_14000_to_14999,sgd_15000_to_17499,sgd_17500_to_19999,sgd_20000_over,sgd_2000_to_2999,sgd_3000_to_3999,sgd_4000_to_4999,sgd_5000_to_5999,sgd_6000_to_6999,sgd_7000_to_7999,sgd_8000_over,sgd_8000_to_8999,sgd_9000_to_9999,year
Lim Chu Kang,0,0,0,0,0,0,0,0,0,0,0,0,0,0,0,0,0,0,0,0,0,0,2020
Result
No Data Available!
planning_area,total,below_sgd_1000,no_working_person,sgd_10000_over,sgd_10000_to_10999,sgd_11000_to_11999,sgd_1000_to_1999,sgd_12000_to_12999,sgd_13000_to_13999,sgd_14000_to_14999,sgd_15000_to_17499,sgd_17500_to_19999,sgd_20000_over,sgd_2000_to_2999,sgd_3000_to_3999,sgd_4000_to_4999,sgd_5000_to_5999,sgd_6000_to_6999,sgd_7000_to_7999,sgd_8000_over,sgd_8000_to_8999,sgd_9000_to_9999,year
Western Water Catchment,0,0,0,0,0,0,0,0,0,0,0,0,0,0,0,0,0,0,0,0,0,0,2020
planning_area,total,below_sgd_1000,no_working_person,sgd_10000_over,sgd_10000_to_10999,sgd_11000_to_11999,sgd_1000_to_1999,sgd_12000_to_12999,sgd_13000_to_13999,sgd_14000_to_14999,sgd_15000_to_17499,sgd_17500_to_19999,sgd_20000_over,sgd_2000_to_2999,sgd_3000_to_3999,sgd_4000_to_4999,sgd_5000_to_5999,sgd_6000_to_6999,sgd_7000_to_7999,sgd_8000_over,sgd_8000_to_8999,sgd_9000_to_9999,year
Woodlands,78842,1293,7133,0,3379,3239,3913,2861,2903,2152,4524,2669,5064,4488,5132,5032,5584,5249,5025,0,4606,4596,2020
planning_area,total,below_sgd_1000,no_working_person,sgd_10000_over,sgd_10000_to_10999,sgd_11000_to_11999,sgd_1000_to_1999,sgd_12000_to_12999,sgd_13000_to_13999,sgd_14000_to_14999,sgd_15000_to_17499,sgd_17500_to_19999,sgd_20000_over,sgd_2000_to_2999,sgd_3000_to_3999,sgd_4000_to_4999,sgd_5000_to_5999,sgd_6000_to_6999,sgd_7000_to_7999,sgd_8000_over,sgd_8000_to_8999,sgd_9000_to_9999,year
Marine Parade,17070,339,3552,0,468,426,683,366,304,253,773,661,4770,652,736,595,510,500,460,0,573,449,2020
planning_area,total,below_sgd_1000,no_working_person,sgd_10000_over,sgd_10000_to_10999,sgd_11000_to_11999,sgd_1000_to_1999,sgd_12000_to_12999,sgd_13000_to_13999,sgd_14000_to_14999,sgd_15000_to_17499,sgd_17500_to_19999,sgd_20000_over,sgd_2000_to_2999,sgd_3000_to_3999,sgd_4000_to_4999,sgd_5000_to_5999,sgd_6000_to_6999,sgd_7000_to_7999,sgd_8000_over,sgd_8000_to_8999,sgd_9000_to_9999,year
Newton,0,0,0,0,0,0,0,0,0,0,0,0,0,0,0,0,0,0,0,0,0,0,2020
planning_area,total,below_sgd_1000,no_working_person,sgd_10000_over,sgd_10000_to_10999,sgd_11000_to_11999,sgd_1000_to_1999,sgd_12000_to_12999,sgd_13000_to_13999,sgd_14000_to_14999,sgd_15000_to_17499,sgd_17500_to_19999,sgd_20000_over,sgd_2000_to_2999,sgd_3000_to_3999,sgd_4000_to_4999,sgd_5000_to_5999,sgd_6000_to_6999,sgd_7000_to_7999,sgd_8000_over,sgd_8000_to_8999,sgd_9000_to_9999,year
North-Eastern Islands,0,0,0,0,0,0,0,0,0,0,0,0,0,0,0,0,0,0,0,0,0,0,2020
planning_area,total,below_sgd_1000,no_working_person,sgd_10000_over,sgd_10000_to_10999,sgd_11000_to_11999,sgd_1000_to_1999,sgd_12000_to_12999,sgd_13000_to_13999,sgd_14000_to_14999,sgd_15000_to_17499,sgd_17500_to_19999,sgd_20000_over,sgd_2000_to_2999,sgd_3000_to_3999,sgd_4000_to_4999,sgd_5000_to_5999,sgd_6000_to_6999,sgd_7000_to_7999,sgd_8000_over,sgd_8000_to_8999,sgd_9000_to_9999,year
Orchard,0,0,0,0,0,0,0,0,0,0,0,0,0,0,0,0,0,0,0,0,0,0,2020
planning_area,total,below_sgd_1000,no_working_person,sgd_10000_over,sgd_10000_to_10999,sgd_11000_to_11999,sgd_1000_to_1999,sgd_12000_to_12999,sgd_13000_to_13999,sgd_14000_to_14999,sgd_15000_to_17499,sgd_17500_to_19999,sgd_20000_over,sgd_2000_to_2999,sgd_3000_to_3999,sgd_4000_to_4999,sgd_5000_to_5999,sgd_6000_to_6999,sgd_7000_to_7999,sgd_8000_over,sgd_8000_to_8999,sgd_9000_to_9999,year
Pasir Ris,44799,587,3702,0,2230,2017,1198,2104,1608,1643,3415,2434,7885,1408,1691,1768,2318,2078,2281,0,1994,2438,2020
planning_area,total,below_sgd_1000,no_working_person,sgd_10000_over,sgd_10000_to_10999,sgd_11000_to_11999,sgd_1000_to_1999,sgd_12000_to_12999,sgd_13000_to_13999,sgd_14000_to_14999,sgd_15000_to_17499,sgd_17500_to_19999,sgd_20000_over,sgd_2000_to_2999,sgd_3000_to_3999,sgd_4000_to_4999,sgd_5000_to_5999,sgd_6000_to_6999,sgd_7000_to_7999,sgd_8000_over,sgd_8000_to_8999,sgd_9000_to_9999,year
Pioneer,0,0,0,0,0,0,0,0,0,0,0,0,0,0,0,0,0,0,0,0,0,0,2020
planning_area,total,below_sgd_1000,no_working_person,sgd_10000_over,sgd_10000_to_10999,sgd_11000_to_11999,sgd_1000_to_1999,sgd_12000_to_12999,sgd_13000_to_13999,sgd_14000_to_14999,sgd_15000_to_17499,sgd_17500_to_19999,sgd_20000_over,sgd_2000_to_2999,sgd_3000_to_3999,sgd_4000_to_4999,sgd_5000_to_5999,sgd_6000_to_6999,sgd_7000_to_7999,sgd_8000_over,sgd_8000_to_8999,sgd_9000_to_9999,year
Punggol,56166,877,3531,0,2952,2623,2397,2474,2252,1764,4089,2858,6077,2418,3108,3060,2987,2975,3280,0,3317,3127,2020
planning_area,total,below_sgd_1000,no_working_person,sgd_10000_over,sgd_10000_to_10999,sgd_11000_to_11999,sgd_1000_to_1999,sgd_12000_to_12999,sgd_13000_to_13999,sgd_14000_to_14999,sgd_15000_to_17499,sgd_17500_to_19999,sgd_20000_over,sgd_2000_to_2999,sgd_3000_to_3999,sgd_4000_to_4999,sgd_5000_to_5999,sgd_6000_to_6999,sgd_7000_to_7999,sgd_8000_over,sgd_8000_to_8999,sgd_9000_to_9999,year
Queenstown,37054,774,7776,0,1143,916,2408,1174,933,787,2083,1571,5460,1708,1924,1682,1515,1355,1304,0,1277,1264,2020
planning_area,total,below_sgd_1000,no_working_person,sgd_10000_over,sgd_10000_to_10999,sgd_11000_to_11999,sgd_1000_to_1999,sgd_12000_to_12999,sgd_13000_to_13999,sgd_14000_to_14999,sgd_15000_to_17499,sgd_17500_to_19999,sgd_20000_over,sgd_2000_to_2999,sgd_3000_to_3999,sgd_4000_to_4999,sgd_5000_to_5999,sgd_6000_to_6999,sgd_7000_to_7999,sgd_8000_over,sgd_8000_to_8999,sgd_9000_to_9999,year
Sembawang,33051,586,2716,0,1645,1397,1395,1237,1310,1190,1866,1511,2847,1695,2066,1979,2090,1931,1925,0,1882,1783,2020
planning_area,total,below_sgd_1000,no_working_person,sgd_10000_over,sgd_10000_to_10999,sgd_11000_to_11999,sgd_1000_to_1999,sgd_12000_to_12999,sgd_13000_to_13999,sgd_14000_to_14999,sgd_15000_to_17499,sgd_17500_to_19999,sgd_20000_over,sgd_2000_to_2999,sgd_3000_to_3999,sgd_4000_to_4999,sgd_5000_to_5999,sgd_6000_to_6999,sgd_7000_to_7999,sgd_8000_over,sgd_8000_to_8999,sgd_9000_to_9999,year
Simpang,0,0,0,0,0,0,0,0,0,0,0,0,0,0,0,0,0,0,0,0,0,0,2020
planning_area,total,below_sgd_1000,no_working_person,sgd_10000_over,sgd_10000_to_10999,sgd_11000_to_11999,sgd_1000_to_1999,sgd_12000_to_12999,sgd_13000_to_13999,sgd_14000_to_14999,sgd_15000_to_17499,sgd_17500_to_19999,sgd_20000_over,sgd_2000_to_2999,sgd_3000_to_3999,sgd_4000_to_4999,sgd_5000_to_5999,sgd_6000_to_6999,sgd_7000_to_7999,sgd_8000_over,sgd_8000_to_8999,sgd_9000_to_9999,year
Tampines,83682,1389,9631,0,3947,3380,4043,2975,2903,2311,5373,3672,9644,3892,4610,4472,4592,4362,4646,0,3802,4038,2020
planning_area,total,below_sgd_1000,no_working_person,sgd_10000_over,sgd_10000_to_10999,sgd_11000_to_11999,sgd_1000_to_1999,sgd_12000_to_12999,sgd_13000_to_13999,sgd_14000_to_14999,sgd_15000_to_17499,sgd_17500_to_19999,sgd_20000_over,sgd_2000_to_2999,sgd_3000_to_3999,sgd_4000_to_4999,sgd_5000_to_5999,sgd_6000_to_6999,sgd_7000_to_7999,sgd_8000_over,sgd_8000_to_8999,sgd_9000_to_9999,year
Tanglin,7937,71,1210,0,186,129,84,154,146,102,356,397,3977,104,132,127,191,109,155,0,185,122,2020
planning_area,total,below_sgd_1000,no_working_person,sgd_10000_over,sgd_10000_to_10999,sgd_11000_to_11999,sgd_1000_to_1999,sgd_12000_to_12999,sgd_13000_to_13999,sgd_14000_to_14999,sgd_15000_to_17499,sgd_17500_to_19999,sgd_20000_over,sgd_2000_to_2999,sgd_3000_to_3999,sgd_4000_to_4999,sgd_5000_to_5999,sgd_6000_to_6999,sgd_7000_to_7999,sgd_8000_over,sgd_8000_to_8999,sgd_9000_to_9999,year
Tuas,0,0,0,0,0,0,0,0,0,0,0,0,0,0,0,0,0,0,0,0,0,0,2020
planning_area,total,below_sgd_1000,no_working_person,sgd_10000_over,sgd_10000_to_10999,sgd_11000_to_11999,sgd_1000_to_1999,sgd_12000_to_12999,sgd_13000_to_13999,sgd_14000_to_14999,sgd_15000_to_17499,sgd_17500_to_19999,sgd_20000_over,sgd_2000_to_2999,sgd_3000_to_3999,sgd_4000_to_4999,sgd_5000_to_5999,sgd_6000_to_6999,sgd_7000_to_7999,sgd_8000_over,sgd_8000_to_8999,sgd_9000_to_9999,year
Western Islands,0,0,0,0,0,0,0,0,0,0,0,0,0,0,0,0,0,0,0,0,0,0,2020
planning_area,total,below_sgd_1000,no_working_person,sgd_10000_over,sgd_10000_to_10999,sgd_11000_to_11999,sgd_1000_to_1999,sgd_12000_to_12999,sgd_13000_to_13999,sgd_14000_to_14999,sgd_15000_to_17499,sgd_17500_to_19999,sgd_20000_over,sgd_2000_to_2999,sgd_3000_to_3999,sgd_4000_to_4999,sgd_5000_to_5999,sgd_6000_to_6999,sgd_7000_to_7999,sgd_8000_over,sgd_8000_to_8999,sgd_9000_to_9999,year
Southern Islands,0,0,0,0,0,0,0,0,0,0,0,0,0,0,0,0,0,0,0,0,0,0,2020
planning_area,total,below_sgd_1000,no_working_person,sgd_10000_over,sgd_10000_to_10999,sgd_11000_to_11999,sgd_1000_to_1999,sgd_12000_to_12999,sgd_13000_to_13999,sgd_14000_to_14999,sgd_15000_to_17499,sgd_17500_to_19999,sgd_20000_over,sgd_2000_to_2999,sgd_3000_to_3999,sgd_4000_to_4999,sgd_5000_to_5999,sgd_6000_to_6999,sgd_7000_to_7999,sgd_8000_over,sgd_8000_to_8999,sgd_9000_to_9999,year
Bukit Panjang,43579,665,4389,0,1746,1656,1665,1710,1110,1146,2583,1891,5359,2411,2561,2495,2635,2552,2450,0,2544,2011,2020
planning_area,total,below_sgd_1000,no_working_person,sgd_10000_over,sgd_10000_to_10999,sgd_11000_to_11999,sgd_1000_to_1999,sgd_12000_to_12999,sgd_13000_to_13999,sgd_14000_to_14999,sgd_15000_to_17499,sgd_17500_to_19999,sgd_20000_over,sgd_2000_to_2999,sgd_3000_to_3999,sgd_4000_to_4999,sgd_5000_to_5999,sgd_6000_to_6999,sgd_7000_to_7999,sgd_8000_over,sgd_8000_to_8999,sgd_9000_to_9999,year
Bishan,29444,508,4412,0,903,983,983,900,854,805,1801,1589,6864,910,1252,996,1225,1307,1078,0,1060,1014,2020
planning_area,total,below_sgd_1000,no_working_person,sgd_10000_over,sgd_10000_to_10999,sgd_11000_to_11999,sgd_1000_to_1999,sgd_12000_to_12999,sgd_13000_to_13999,sgd_14000_to_14999,sgd_15000_to_17499,sgd_17500_to_19999,sgd_20000_over,sgd_2000_to_2999,sgd_3000_to_3999,sgd_4000_to_4999,sgd_5000_to_5999,sgd_6000_to_6999,sgd_7000_to_7999,sgd_8000_over,sgd_8000_to_8999,sgd_9000_to_9999,year
Ang Mo Kio,60218,1563,11455,0,1947,1795,4228,1363,1425,1156,2661,1841,6466,3572,4020,3381,3134,2943,2672,0,2210,2386,2020
planning_area,total,below_sgd_1000,no_working_person,sgd_10000_over,sgd_10000_to_10999,sgd_11000_to_11999,sgd_1000_to_1999,sgd_12000_to_12999,sgd_13000_to_13999,sgd_14000_to_14999,sgd_15000_to_17499,sgd_17500_to_19999,sgd_20000_over,sgd_2000_to_2999,sgd_3000_to_3999,sgd_4000_to_4999,sgd_5000_to_5999,sgd_6000_to_6999,sgd_7000_to_7999,sgd_8000_over,sgd_8000_to_8999,sgd_9000_to_9999,year
Geylang,42061,1030,6991,0,1561,1397,2826,1057,954,912,1755,1334,4917,2860,2661,2383,2385,2127,1635,0,1622,1654,2020
planning_area,total,below_sgd_1000,no_working_person,sgd_10000_over,sgd_10000_to_10999,sgd_11000_to_11999,sgd_1000_to_1999,sgd_12000_to_12999,sgd_13000_to_13999,sgd_14000_to_14999,sgd_15000_to_17499,sgd_17500_to_19999,sgd_20000_over,sgd_2000_to_2999,sgd_3000_to_3999,sgd_4000_to_4999,sgd_5000_to_5999,sgd_6000_to_6999,sgd_7000_to_7999,sgd_8000_over,sgd_8000_to_8999,sgd_9000_to_9999,year
Straits View,0,0,0,0,0,0,0,0,0,0,0,0,0,0,0,0,0,0,0,0,0,0,2020
planning_area,total,below_sgd_1000,no_working_person,sgd_10000_over,sgd_10000_to_10999,sgd_11000_to_11999,sgd_1000_to_1999,sgd_12000_to_12999,sgd_13000_to_13999,sgd_14000_to_14999,sgd_15000_to_17499,sgd_17500_to_19999,sgd_20000_over,sgd_2000_to_2999,sgd_3000_to_3999,sgd_4000_to_4999,sgd_5000_to_5999,sgd_6000_to_6999,sgd_7000_to_7999,sgd_8000_over,sgd_8000_to_8999,sgd_9000_to_9999,year
Jurong East,27214,550,4256,0,997,922,1642,818,706,559,1416,988,2602,1309,1761,1636,1718,1615,1422,0,1188,1109,2020
planning_area,total,below_sgd_1000,no_working_person,sgd_10000_over,sgd_10000_to_10999,sgd_11000_to_11999,sgd_1000_to_1999,sgd_12000_to_12999,sgd_13000_to_13999,sgd_14000_to_14999,sgd_15000_to_17499,sgd_17500_to_19999,sgd_20000_over,sgd_2000_to_2999,sgd_3000_to_3999,sgd_4000_to_4999,sgd_5000_to_5999,sgd_6000_to_6999,sgd_7000_to_7999,sgd_8000_over,sgd_8000_to_8999,sgd_9000_to_9999,year
Hougang,75111,1475,8503,0,3067,2344,4008,2534,2497,2119,3973,3048,9562,4473,4275,4054,4157,3956,3450,0,4098,3518,2020
planning_area,total,below_sgd_1000,no_working_person,sgd_10000_over,sgd_10000_to_10999,sgd_11000_to_11999,sgd_1000_to_1999,sgd_12000_to_12999,sgd_13000_to_13999,sgd_14000_to_14999,sgd_15000_to_17499,sgd_17500_to_19999,sgd_20000_over,sgd_2000_to_2999,sgd_3000_to_3999,sgd_4000_to_4999,sgd_5000_to_5999,sgd_6000_to_6999,sgd_7000_to_7999,sgd_8000_over,sgd_8000_to_8999,sgd_9000_to_9999,year
Jurong West,83877,1399,8069,0,4077,3456,4460,3257,3037,2512,5049,3007,6910,4060,4636,5286,5308,5368,4806,0,4739,4441,2020
planning_area,total,below_sgd_1000,no_working_person,sgd_10000_over,sgd_10000_to_10999,sgd_11000_to_11999,sgd_1000_to_1999,sgd_12000_to_12999,sgd_13000_to_13999,sgd_14000_to_14999,sgd_15000_to_17499,sgd_17500_to_19999,sgd_20000_over,sgd_2000_to_2999,sgd_3000_to_3999,sgd_4000_to_4999,sgd_5000_to_5999,sgd_6000_to_6999,sgd_7000_to_7999,sgd_8000_over,sgd_8000_to_8999,sgd_9000_to_9999,year
Choa Chu Kang,58024,904,4463,0,2833,2619,2054,2115,2074,2167,4026,2924,6563,2776,2884,3058,3335,3337,3499,0,3311,3082,2020
planning_area,total,below_sgd_1000,no_working_person,sgd_10000_over,sgd_10000_to_10999,sgd_11000_to_11999,sgd_1000_to_1999,sgd_12000_to_12999,sgd_13000_to_13999,sgd_14000_to_14999,sgd_15000_to_17499,sgd_17500_to_19999,sgd_20000_over,sgd_2000_to_2999,sgd_3000_to_3999,sgd_4000_to_4999,sgd_5000_to_5999,sgd_6000_to_6999,sgd_7000_to_7999,sgd_8000_over,sgd_8000_to_8999,sgd_9000_to_9999,year
Kallang,40834,1355,8433,0,1394,1112,3127,1205,917,768,1833,1452,5442,2379,2051,1925,1769,1554,1436,0,1325,1357,2020
planning_area,total,below_sgd_1000,no_working_person,sgd_10000_over,sgd_10000_to_10999,sgd_11000_to_11999,sgd_1000_to_1999,sgd_12000_to_12999,sgd_13000_to_13999,sgd_14000_to_14999,sgd_15000_to_17499,sgd_17500_to_19999,sgd_20000_over,sgd_2000_to_2999,sgd_3000_to_3999,sgd_4000_to_4999,sgd_5000_to_5999,sgd_6000_to_6999,sgd_7000_to_7999,sgd_8000_over,sgd_8000_to_8999,sgd_9000_to_9999,year
Mandai,0,0,0,0,0,0,0,0,0,0,0,0,0,0,0,0,0,0,0,0,0,0,2020
planning_area,total,below_sgd_1000,no_working_person,sgd_10000_over,sgd_10000_to_10999,sgd_11000_to_11999,sgd_1000_to_1999,sgd_12000_to_12999,sgd_13000_to_13999,sgd_14000_to_14999,sgd_15000_to_17499,sgd_17500_to_19999,sgd_20000_over,sgd_2000_to_2999,sgd_3000_to_3999,sgd_4000_to_4999,sgd_5000_to_5999,sgd_6000_to_6999,sgd_7000_to_7999,sgd_8000_over,sgd_8000_to_8999,sgd_9000_to_9999,year
Tengah,0,0,0,0,0,0,0,0,0,0,0,0,0,0,0,0,0,0,0,0,0,0,2020
planning_area,total,below_sgd_1000,no_working_person,sgd_10000_over,sgd_10000_to_10999,sgd_11000_to_11999,sgd_1000_to_1999,sgd_12000_to_12999,sgd_13000_to_13999,sgd_14000_to_14999,sgd_15000_to_17499,sgd_17500_to_19999,sgd_20000_over,sgd_2000_to_2999,sgd_3000_to_3999,sgd_4000_to_4999,sgd_5000_to_5999,sgd_6000_to_6999,sgd_7000_to_7999,sgd_8000_over,sgd_8000_to_8999,sgd_9000_to_9999,year
Marina East,0,0,0,0,0,0,0,0,0,0,0,0,0,0,0,0,0,0,0,0,0,0,2020
planning_area,total,below_sgd_1000,no_working_person,sgd_10000_over,sgd_10000_to_10999,sgd_11000_to_11999,sgd_1000_to_1999,sgd_12000_to_12999,sgd_13000_to_13999,sgd_14000_to_14999,sgd_15000_to_17499,sgd_17500_to_19999,sgd_20000_over,sgd_2000_to_2999,sgd_3000_to_3999,sgd_4000_to_4999,sgd_5000_to_5999,sgd_6000_to_6999,sgd_7000_to_7999,sgd_8000_over,sgd_8000_to_8999,sgd_9000_to_9999,year
Marina South,0,0,0,0,0,0,0,0,0,0,0,0,0,0,0,0,0,0,0,0,0,0,2020
planning_area,total,below_sgd_1000,no_working_person,sgd_10000_over,sgd_10000_to_10999,sgd_11000_to_11999,sgd_1000_to_1999,sgd_12000_to_12999,sgd_13000_to_13999,sgd_14000_to_14999,sgd_15000_to_17499,sgd_17500_to_19999,sgd_20000_over,sgd_2000_to_2999,sgd_3000_to_3999,sgd_4000_to_4999,sgd_5000_to_5999,sgd_6000_to_6999,sgd_7000_to_7999,sgd_8000_over,sgd_8000_to_8999,sgd_9000_to_9999,year
Museum,0,0,0,0,0,0,0,0,0,0,0,0,0,0,0,0,0,0,0,0,0,0,2020
planning_area,total,below_sgd_1000,no_working_person,sgd_10000_over,sgd_10000_to_10999,sgd_11000_to_11999,sgd_1000_to_1999,sgd_12000_to_12999,sgd_13000_to_13999,sgd_14000_to_14999,sgd_15000_to_17499,sgd_17500_to_19999,sgd_20000_over,sgd_2000_to_2999,sgd_3000_to_3999,sgd_4000_to_4999,sgd_5000_to_5999,sgd_6000_to_6999,sgd_7000_to_7999,sgd_8000_over,sgd_8000_to_8999,sgd_9000_to_9999,year
Novena,18283,397,2848,0,551,497,792,417,389,310,840,704,5010,851,772,726,721,580,581,0,743,554,2020
planning_area,total,below_sgd_1000,no_working_person,sgd_10000_over,sgd_10000_to_10999,sgd_11000_to_11999,sgd_1000_to_1999,sgd_12000_to_12999,sgd_13000_to_13999,sgd_14000_to_14999,sgd_15000_to_17499,sgd_17500_to_19999,sgd_20000_over,sgd_2000_to_2999,sgd_3000_to_3999,sgd_4000_to_4999,sgd_5000_to_5999,sgd_6000_to_6999,sgd_7000_to_7999,sgd_8000_over,sgd_8000_to_8999,sgd_9000_to_9999,year
Outram,8053,393,2194,0,205,146,813,218,145,150,326,211,868,504,392,283,336,201,245,0,210,213,2020
planning_area,total,below_sgd_1000,no_working_person,sgd_10000_over,sgd_10000_to_10999,sgd_11000_to_11999,sgd_1000_to_1999,sgd_12000_to_12999,sgd_13000_to_13999,sgd_14000_to_14999,sgd_15000_to_17499,sgd_17500_to_19999,sgd_20000_over,sgd_2000_to_2999,sgd_3000_to_3999,sgd_4000_to_4999,sgd_5000_to_5999,sgd_6000_to_6999,sgd_7000_to_7999,sgd_8000_over,sgd_8000_to_8999,sgd_9000_to_9999,year
Paya Lebar,0,0,0,0,0,0,0,0,0,0,0,0,0,0,0,0,0,0,0,0,0,0,2020
planning_area,total,below_sgd_1000,no_working_person,sgd_10000_over,sgd_10000_to_10999,sgd_11000_to_11999,sgd_1000_to_1999,sgd_12000_to_12999,sgd_13000_to_13999,sgd_14000_to_14999,sgd_15000_to_17499,sgd_17500_to_19999,sgd_20000_over,sgd_2000_to_2999,sgd_3000_to_3999,sgd_4000_to_4999,sgd_5000_to_5999,sgd_6000_to_6999,sgd_7000_to_7999,sgd_8000_over,sgd_8000_to_8999,sgd_9000_to_9999,year
River Valley,3977,27,574,0,74,92,80,79,59,85,195,197,1860,75,102,54,80,90,92,0,87,75,2020
planning_area,total,below_sgd_1000,no_working_person,sgd_10000_over,sgd_10000_to_10999,sgd_11000_to_11999,sgd_1000_to_1999,sgd_12000_to_12999,sgd_13000_to_13999,sgd_14000_to_14999,sgd_15000_to_17499,sgd_17500_to_19999,sgd_20000_over,sgd_2000_to_2999,sgd_3000_to_3999,sgd_4000_to_4999,sgd_5000_to_5999,sgd_6000_to_6999,sgd_7000_to_7999,sgd_8000_over,sgd_8000_to_8999,sgd_9000_to_9999,year
Rochor,0,0,0,0,0,0,0,0,0,0,0,0,0,0,0,0,0,0,0,0,0,0,2020
planning_area,total,below_sgd_1000,no_working_person,sgd_10000_over,sgd_10000_to_10999,sgd_11000_to_11999,sgd_1000_to_1999,sgd_12000_to_12999,sgd_13000_to_13999,sgd_14000_to_14999,sgd_15000_to_17499,sgd_17500_to_19999,sgd_20000_over,sgd_2000_to_2999,sgd_3000_to_3999,sgd_4000_to_4999,sgd_5000_to_5999,sgd_6000_to_6999,sgd_7000_to_7999,sgd_8000_over,sgd_8000_to_8999,sgd_9000_to_9999,year
Seletar,0,0,0,0,0,0,0,0,0,0,0,0,0,0,0,0,0,0,0,0,0,0,2020
planning_area,total,below_sgd_1000,no_working_person,sgd_10000_over,sgd_10000_to_10999,sgd_11000_to_11999,sgd_1000_to_1999,sgd_12000_to_12999,sgd_13000_to_13999,sgd_14000_to_14999,sgd_15000_to_17499,sgd_17500_to_19999,sgd_20000_over,sgd_2000_to_2999,sgd_3000_to_3999,sgd_4000_to_4999,sgd_5000_to_5999,sgd_6000_to_6999,sgd_7000_to_7999,sgd_8000_over,sgd_8000_to_8999,sgd_9000_to_9999,year
Sengkang,79375,1276,5621,0,3915,3803,3166,3016,3177,2811,6068,3905,8762,3556,4024,4310,4318,4693,4431,0,4164,4359,2020
planning_area,total,below_sgd_1000,no_working_person,sgd_10000_over,sgd_10000_to_10999,sgd_11000_to_11999,sgd_1000_to_1999,sgd_12000_to_12999,sgd_13000_to_13999,sgd_14000_to_14999,sgd_15000_to_17499,sgd_17500_to_19999,sgd_20000_over,sgd_2000_to_2999,sgd_3000_to_3999,sgd_4000_to_4999,sgd_5000_to_5999,sgd_6000_to_6999,sgd_7000_to_7999,sgd_8000_over,sgd_8000_to_8999,sgd_9000_to_9999,year
Serangoon,38086,496,5318,0,1379,1255,1444,1019,1052,1008,2038,1795,8616,1629,1464,1425,1786,1568,1803,0,1521,1470,2020
planning_area,total,below_sgd_1000,no_working_person,sgd_10000_over,sgd_10000_to_10999,sgd_11000_to_11999,sgd_1000_to_1999,sgd_12000_to_12999,sgd_13000_to_13999,sgd_14000_to_14999,sgd_15000_to_17499,sgd_17500_to_19999,sgd_20000_over,sgd_2000_to_2999,sgd_3000_to_3999,sgd_4000_to_4999,sgd_5000_to_5999,sgd_6000_to_6999,sgd_7000_to_7999,sgd_8000_over,sgd_8000_to_8999,sgd_9000_to_9999,year
Clementi,33609,804,5990,0,1199,993,1656,906,941,702,1761,1341,6013,1508,1558,1410,1626,1556,1315,0,1231,1099,2020
planning_area,total,below_sgd_1000,no_working_person,sgd_10000_over,sgd_10000_to_10999,sgd_11000_to_11999,sgd_1000_to_1999,sgd_12000_to_12999,sgd_13000_to_13999,sgd_14000_to_14999,sgd_15000_to_17499,sgd_17500_to_19999,sgd_20000_over,sgd_2000_to_2999,sgd_3000_to_3999,sgd_4000_to_4999,sgd_5000_to_5999,sgd_6000_to_6999,sgd_7000_to_7999,sgd_8000_over,sgd_8000_to_8999,sgd_9000_to_9999,year
Toa Payoh,46880,1296,10015,0,1484,1400,2987,1202,863,912,2236,1569,6064,2376,2603,2504,2089,2072,1791,0,2004,1413,2020
planning_area,total,below_sgd_1000,no_working_person,sgd_10000_over,sgd_10000_to_10999,sgd_11000_to_11999,sgd_1000_to_1999,sgd_12000_to_12999,sgd_13000_to_13999,sgd_14000_to_14999,sgd_15000_to_17499,sgd_17500_to_19999,sgd_20000_over,sgd_2000_to_2999,sgd_3000_to_3999,sgd_4000_to_4999,sgd_5000_to_5999,sgd_6000_to_6999,sgd_7000_to_7999,sgd_8000_over,sgd_8000_to_8999,sgd_9000_to_9999,year
Singapore River,0,0,0,0,0,0,0,0,0,0,0,0,0,0,0,0,0,0,0,0,0,0,2020
planning_area,total,below_sgd_1000,no_working_person,sgd_10000_over,sgd_10000_to_10999,sgd_11000_to_11999,sgd_1000_to_1999,sgd_12000_to_12999,sgd_13000_to_13999,sgd_14000_to_14999,sgd_15000_to_17499,sgd_17500_to_19999,sgd_20000_over,sgd_2000_to_2999,sgd_3000_to_3999,sgd_4000_to_4999,sgd_5000_to_5999,sgd_6000_to_6999,sgd_7000_to_7999,sgd_8000_over,sgd_8000_to_8999,sgd_9000_to_9999,year
Sungei Kadut,0,0,0,0,0,0,0,0,0,0,0,0,0,0,0,0,0,0,0,0,0,0,2020
planning_area,total,below_sgd_1000,no_working_person,sgd_10000_over,sgd_10000_to_10999,sgd_11000_to_11999,sgd_1000_to_1999,sgd_12000_to_12999,sgd_13000_to_13999,sgd_14000_to_14999,sgd_15000_to_17499,sgd_17500_to_19999,sgd_20000_over,sgd_2000_to_2999,sgd_3000_to_3999,sgd_4000_to_4999,sgd_5000_to_5999,sgd_6000_to_6999,sgd_7000_to_7999,sgd_8000_over,sgd_8000_to_8999,sgd_9000_to_9999,year
Yishun,75402,1551,8698,0,3458,3040,4455,2324,2349,1883,3689,2429,5399,4912,4869,4935,5056,4736,4224,0,3894,3501,2020
